200,100223,1,2019-8-19 17:15
201,101213,1,2018-11-7 9:37
202,100058,1,2019-2-23 1:02
203,100108,2,2019-5-12 11:12
204,100184,1,2018-11-3 8:58
205,100084,1,2019-4-29 23:29
206,100066,2,2019-3-25 18:21
207,100140,2,2018-12-3 19:30
208,100168,1,2019-8-20 2:20
209,100029,1,2019-6-29 16:10
210,101216,1,2018-12-20 2:09
211,101214,2,2019-5-25 18:56
212,100251,2,2019-9-21 9:04
213,101054,2,2019-6-2 1:58
214,100115,3,2019-8-27 4:55
215,101152,3,2019-10-17 9:27
216,100182,3,2019-9-13 4:01
217,100001,3,2019-6-14 11:38
218,101204,1,2018-11-24 0:28
219,101270,1,2019-9-30 19:46
220,100180,3,2019-6-30 17:32
221,101066,3,2019-2-14 19:44
222,101259,4,2019-6-20 14:54
223,101067,4,2019-8-5 1:20
224,101193,3,2019-7-11 11:49
225,101082,1,2019-8-22 17:24
226,101269,4,2019-10-14 18:18
227,101268,4,2019-9-16 10:58
228,100264,2,2019-2-22 10:08
229,100267,5,2019-3-4 23:31
230,101287,5,2019-4-15 5:20
231,101220,4,2019-9-23 9:47
232,101188,4,2019-4-5 0:31
233,100131,5,2019-9-7 5:42
234,100176,5,2019-8-16 0:22
235,100233,4,2019-8-11 17:27
236,100177,6,2019-4-25 0:02
237,101210,6,2019-8-1 17:09
238,101030,6,2019-9-1 2:20
239,101267,4,2018-12-20 3:47
240,100057,4,2019-1-17 6:00
241,100279,6,2019-10-2 6:55
242,101026,7,2019-10-18 6:28
243,101262,7,2019-5-13 7:29
244,100125,7,2019-9-19 8:03
245,101219,2,2018-11-22 15:59
246,101154,2,2018-12-6 16:49
247,100387,7,2019-1-5 14:09
248,100211,5,2019-6-22 15:32
249,101155,1,2019-1-1 15:27
250,100051,1,2019-1-31 9:14
251,101073,1,2019-10-7 15:14
252,100091,1,2019-7-21 11:26
253,101007,1,2019-7-25 10:48
254,101265,2,2019-2-23 3:23
255,100205,1,2019-5-30 16:03
256,101205,3,2019-3-17 23:04
257,101111,3,2019-8-17 7:19
258,101143,2,2019-4-22 10:24
259,100107,3,2018-11-21 20:34
260,100016,3,2019-4-10 21:17
261,100237,6,2019-5-27 10:49
262,101218,2,2019-5-18 15:28
263,101211,3,2019-2-3 0:11
264,100274,6,2019-3-22 10:26
265,100283,3,2018-10-23 23:50
266,100215,3,2019-7-18 18:48
267,101244,3,2019-6-15 17:50
268,101328,6,2019-8-18 10:50
269,100246,3,2019-6-10 1:08
270,101027,4,2019-2-21 2:19
271,101170,4,2019-9-23 4:14
272,100281,4,2019-7-4 1:30
273,100081,4,2019-6-21 10:00
274,101274,4,2019-10-15 0:02
275,101294,7,2019-10-5 22:31
276,101254,4,2019-9-17 20:38
277,101087,4,2018-10-30 6:20
278,101316,5,2019-10-11 7:32
279,100263,5,2019-5-23 23:10
280,100260,5,2019-2-22 7:16
281,100270,5,2019-8-22 21:32
282,101017,5,2019-10-2 15:57
283,100162,5,2019-2-19 1:20
284,100276,6,2019-3-7 17:03
285,100254,6,2019-8-26 1:31
286,100280,6,2019-4-10 20:15
287,100194,6,2019-8-28 7:16
288,101035,6,2019-6-8 22:13
289,101001,5,2019-10-21 12:38
290,100287,6,2019-8-26 9:04
291,100045,7,2019-10-22 11:35
292,101197,7,2019-9-19 3:36
293,100253,7,2019-9-8 4:39
294,101118,7,2019-7-12 23:20
295,101357,7,2019-5-22 23:14
296,100204,7,2019-5-15 18:56
297,100285,7,2019-4-29 6:25
298,100068,1,2019-5-13 12:38
299,101164,1,2019-5-24 15:14
300,100218,1,2019-3-14 17:15
301,100145,1,2019-6-3 9:37
302,100067,1,2019-4-20 1:02
303,100197,1,2019-9-6 11:12
304,100123,1,2019-2-25 8:58
305,100157,2,2019-1-13 23:29
306,100113,2,2019-9-12 18:21
307,100095,6,2019-6-1 19:30
308,100104,1,2019-1-30 2:20
309,100250,2,2019-2-9 16:10
310,100160,6,2018-12-11 2:09
311,101228,6,2018-12-10 18:56
312,100019,1,2019-10-16 9:04
313,101157,7,2018-12-22 1:58
314,100199,3,2019-8-30 4:55
315,100039,7,2019-3-22 9:27
316,100166,3,2019-10-13 4:01
317,100151,2,2019-4-18 11:38
318,100144,3,2019-7-26 0:28
319,101181,7,2019-10-2 19:46
320,100173,1,2019-2-14 17:32
321,100256,4,2019-8-13 19:44
322,101113,2,2019-6-14 14:54
323,100255,2,2019-5-20 1:20
324,101232,2,2019-8-7 11:49
325,101187,2,2019-4-13 17:24
326,100238,5,2019-8-7 18:18
327,100007,5,2019-10-15 10:58
328,100076,3,2019-9-17 10:08
329,101273,5,2019-4-16 23:31
330,100152,5,2019-10-19 5:20
331,100257,5,2019-5-22 9:47
332,100134,5,2019-7-16 0:31
333,100229,6,2019-8-18 5:42
334,100273,6,2018-12-22 0:22
335,101310,6,2019-8-24 17:27
336,101074,2,2019-5-12 0:02
337,101318,3,2019-8-21 17:09
338,100219,6,2019-9-27 2:20
339,100248,6,2019-9-27 3:47
340,101224,7,2019-9-25 3:16
341,100087,7,2019-3-27 6:55
342,100284,3,2019-10-19 6:28
343,100222,3,2019-1-12 7:29
344,100015,2,2018-12-22 8:03
345,101238,3,2018-11-21 15:59
346,100193,7,2019-9-11 16:49
347,100181,3,2019-10-20 14:09
348,101135,3,2019-7-7 15:32
349,101079,4,2018-12-19 15:27
350,100025,1,2019-6-2 9:14
351,100210,1,2019-7-11 15:14
352,100170,4,2018-12-18 11:26
353,100020,1,2019-10-19 10:48
354,100022,2,2019-7-16 3:23
355,100187,2,2019-7-21 16:03
356,101280,4,2019-9-23 23:04
357,101300,4,2019-9-7 7:19
358,100155,4,2019-4-20 10:24
359,100017,4,2019-7-16 20:34
360,101313,5,2019-7-27 21:17
361,100074,3,2019-3-29 10:49
362,100124,5,2019-2-14 15:28
363,100018,3,2019-10-13 0:11
364,101041,5,2018-10-8 10:26
365,101050,6,2019-8-2 23:50
366,100148,7,2019-4-8 18:48
367,100299,3,2019-9-30 17:50
368,101194,5,2018-12-19 10:50
369,100297,4,2019-5-5 1:08
370,100040,4,2019-7-12 2:19
371,101299,5,2019-7-16 4:14
372,101901,4,2019-7-27 1:30
373,100118,4,2019-10-9 10:00
374,100158,4,2019-9-25 0:02
375,100296,7,2019-6-5 22:31
376,101286,5,2019-6-6 8:13
377,100023,6,2019-6-6 6:20
378,100163,5,2019-4-29 7:32
379,101248,6,2019-6-30 23:10
380,100079,5,2019-3-8 7:16
381,101281,6,2019-10-8 21:32
382,100089,6,2019-3-3 18:57
383,101104,6,2019-2-15 1:20
384,100159,6,2019-9-15 17:03
385,100230,6,2019-8-7 1:31
386,100174,6,2019-3-30 20:15
387,100240,2,2019-7-4 7:16
388,100300,6,2019-8-28 22:13
389,100268,7,2019-3-16 12:38
390,100171,2,2019-2-24 9:04
391,100209,7,2019-4-25 11:35
392,100036,7,2019-3-1 3:36
393,100214,7,2019-8-3 4:39
394,101400,2,2019-1-5 23:20
395,100220,2,2019-10-21 23:14
396,100031,1,2019-8-27 18:56
397,100213,1,2018-12-15 6:25
398,100217,3,2019-9-29 12:38
399,100243,7,2019-9-23 15:14
,,,
,,,
,,,
,,,
,,,
,,,
,,,
,,,
,,,
,,,
,,,
,,,
,,,
,,,
,,,
,,,
,,,
,,,
,,,
,,,
,,,
,,,
,,,
,,,
,,,
,,,
,,,
,,,
,,,
,,,
,,,
,,,
,,,
,,,
,,,
,,,
,,,
,,,
,,,
,,,
,,,
,,,
,,,
,,,
,,,
,,,
,,,
,,,
,,,
,,,
,,,
,,,
,,,
,,,
,,,
,,,
,,,
,,,
,,,
,,,
,,,
,,,
,,,
,,,
,,,
,,,
,,,
,,,
,,,
,,,
,,,
,,,
,,,
,,,
,,,
,,,
,,,
,,,
,,,
,,,
,,,
,,,
,,,
,,,
,,,
,,,
,,,
,,,
,,,
,,,
,,,
,,,
,,,
,,,
,,,
,,,
,,,
,,,
,,,
,,,
,,,
,,,
,,,
,,,
,,,
,,,
,,,
,,,
,,,
,,,
,,,
,,,
,,,
,,,
,,,
,,,
,,,
,,,
,,,
,,,
,,,
,,,
,,,
,,,
,,,
,,,
,,,
,,,
,,,
,,,
,,,
,,,
,,,
,,,
,,,
,,,
,,,
,,,
,,,
,,,
,,,
,,,
,,,
,,,
,,,
,,,
,,,
,,,
,,,
,,,
,,,
,,,
,,,
,,,
,,,
,,,
,,,
,,,
,,,
,,,
,,,
,,,
,,,
,,,
,,,
,,,
