0,0000-0-0,1,a
100,2015-10-24,1,Pa$$word100
101,2013-3-9,2,Pa$$word101
102,2019-6-2,3,Pa$$word102
103,2016-2-27,4,Pa$$word103
104,2016-1-5,5,Pa$$word104
105,2017-2-2,6,Pa$$word105
106,2010-9-8,7,Pa$$word106
107,2018-12-25,1,Pa$$word107
108,2017-10-12,2,Pa$$word108
109,2010-6-5,3,Pa$$word109
110,2019-4-12,4,Pa$$word110
111,2012-2-18,5,Pa$$word111
112,2011-9-13,6,Pa$$word112
113,2019-2-18,7,Pa$$word113
114,2013-11-11,1,Pa$$word114
115,2015-7-5,2,Pa$$word115
116,2010-10-7,3,Pa$$word116
117,2014-4-27,4,Pa$$word117
118,2018-3-13,5,Pa$$word118
119,2012-12-26,6,Pa$$word119
120,2017-6-19,7,Pa$$word120
121,2012-12-30,1,Pa$$word121
122,2018-3-8,2,Pa$$word122
123,2012-9-17,3,Pa$$word123
124,2012-2-14,4,Pa$$word124
125,2015-5-20,5,Pa$$word125
126,2013-9-10,6,Pa$$word126
127,2019-6-11,7,Pa$$word127
128,2013-3-18,1,Pa$$word128
129,2011-2-20,2,Pa$$word129
130,2014-4-10,3,Pa$$word130
131,2018-12-30,4,Pa$$word131
132,2009-12-30,5,Pa$$word132
133,2011-3-24,6,Pa$$word133
134,2017-10-21,7,Pa$$word134
135,2019-6-10,1,Pa$$word135
136,2018-9-3,2,Pa$$word136
137,2010-2-6,3,Pa$$word137
138,2016-5-3,4,Pa$$word138
139,2010-11-26,5,Pa$$word139
140,2015-7-29,6,Pa$$word140
141,2016-7-13,7,Pa$$word141
142,2015-3-19,1,Pa$$word142
143,2015-11-20,2,Pa$$word143
144,2010-10-4,3,Pa$$word144
145,2014-10-21,4,Pa$$word145
146,2014-11-11,5,Pa$$word146
147,2018-1-30,6,Pa$$word147
148,2017-9-23,7,Pa$$word148
149,2018-4-17,1,Pa$$word149
150,2019-1-11,2,Pa$$word150
151,2009-11-12,3,Pa$$word151
152,2013-5-5,4,Pa$$word152
153,2009-11-21,5,Pa$$word153
154,2017-5-14,6,Pa$$word154
155,2011-10-9,7,Pa$$word155
156,2018-5-8,1,Pa$$word156
157,2016-2-3,2,Pa$$word157
158,2012-2-23,3,Pa$$word158
159,2012-7-27,4,Pa$$word159
160,2012-9-19,5,Pa$$word160
161,2015-1-23,6,Pa$$word161
162,2019-5-19,7,Pa$$word162
163,2015-9-24,1,Pa$$word163
164,2011-9-6,2,Pa$$word164
165,2017-12-29,3,Pa$$word165
166,2009-12-8,4,Pa$$word166
167,2013-4-12,5,Pa$$word167
168,2017-1-11,6,Pa$$word168
169,2018-12-20,7,Pa$$word169
170,2019-7-20,1,Pa$$word170
171,2014-10-14,2,Pa$$word171
172,2016-11-11,3,Pa$$word172
173,2019-9-16,4,Pa$$word173
174,2010-8-24,5,Pa$$word174
175,2014-12-24,6,Pa$$word175
176,2019-6-29,7,Pa$$word176
177,2018-7-27,1,Pa$$word177
178,2010-7-3,2,Pa$$word178
179,2015-9-28,3,Pa$$word179
180,2015-11-14,4,Pa$$word180
181,2011-2-24,5,Pa$$word181
182,2015-8-5,6,Pa$$word182
183,2016-10-14,7,Pa$$word183
184,2011-6-29,1,Pa$$word184
185,2013-7-15,2,Pa$$word185
186,2015-10-20,3,Pa$$word186
187,2019-2-28,4,Pa$$word187
188,2017-1-27,5,Pa$$word188
189,2015-7-18,6,Pa$$word189
190,2016-7-14,7,Pa$$word190
191,2013-10-6,1,Pa$$word191
192,2010-7-16,2,Pa$$word192
193,2019-1-9,3,Pa$$word193
194,2019-1-1,4,Pa$$word194
195,2015-9-10,5,Pa$$word195
196,2015-3-27,6,Pa$$word196
197,2010-8-12,7,Pa$$word197
198,2013-1-25,1,Pa$$word198
199,2014-7-5,2,Pa$$word199
